Links,Question1,Related_Question
https://graphicdesign.stackexchange.com/questions/158950/how-can-i-draw-seamless-texture-and-have-gimp-mirror-the-edges-on-texture-sides,How can I draw seamless texture and have GIMP mirror the edges on texture sides?,Seamless UV Texture - GIMP
https://gis.stackexchange.com/questions/443113/export-only-specific-fields-of-a-qgis-layer-as-csv,Export only specific fields of a QGIS layer as CSV,Exporting only certain columns to CSV file in ArcGIS for Desktop?
https://apple.stackexchange.com/questions/449158/how-do-i-unlock-an-ipad-without-giving-away-password,How do I unlock an iPad without giving away password?,Can i create my own back up iCloud account other than the one my ex boyfriend set my iphone up with?
https://worldbuilding.stackexchange.com/questions/236871/optimal-shape-for-a-humidity-sensing-organ,Optimal shape for a humidity sensing organ?,Anatomically Correct Slimes
https://rpg.stackexchange.com/questions/202165/can-anadi-walk-on-walls,Can Anadi walk on walls?,Is this homebrew Half-Phoenix race balanced?
https://scifi.stackexchange.com/questions/268632/listening-to-recorded-music-after-a-nuclear-war,Listening to recorded music after a nuclear war,"Fantasy book that turns out to be post-apocalypse, set several millennia after a nuclear war"
https://physics.stackexchange.com/questions/732415/is-there-a-general-version-of-bells-inequality-like-the-general-version-of-unc,"Is there a general version of Bell's inequality, like the general version of uncertainty principle?",How does non-commutativity lead to uncertainty?
https://literature.stackexchange.com/questions/23299/has-there-ever-been-a-stage-production-of-chapter-15-of-ulysses,Has there ever been a stage production of Chapter 15 of Ulysses?,Why is there so much stream of consciousness in Ulysses?
https://superuser.com/questions/1747901/why-screen-displays-dead-pixels-at-144hz-but-not-at-60hz,Why screen displays dead pixels at 144Hz but not at 60Hz?,Dead pixels or cracked screen?
https://diy.stackexchange.com/questions/258760/how-long-must-the-horizontal-run-be-to-make-an-s-trap-a-p-trap,How long must the horizontal run be to make an S-trap a P-trap?,How can I disassemble this P-trap?
https://electronics.stackexchange.com/questions/638828/my-non-inverting-opamp-circuit-clips,My non-inverting opamp circuit clips,Stream Audio through Wifi Mesh network?
https://astronomy.stackexchange.com/questions/50779/how-much-light-would-be-received-on-a-rogue-planet-close-to-the-galactic-center,How much light would be received on a rogue planet close to the galactic center?,Why don't we see the galaxy center?
https://mathematica.stackexchange.com/questions/274840/find-all-the-minimum-edge-cuts-of-a-graph,Find all the minimum edge cuts of a graph,How do I find a weighted bipartite graph's minimum edge cover using Mathematica 8?
https://quantumcomputing.stackexchange.com/questions/28559/why-do-computer-scientists-care-about-the-phase-of-qubits,Why do computer scientists care about the phase of qubits?,Embedding classical information into norm of a quantum state
https://writing.stackexchange.com/questions/63510/are-there-examples-of-using-text-formatting-e-g-color-to-disambiguate-differe,Are there examples of using text formatting (e.g. color) to disambiguate different instances of the same word in a text?,How to elegantly convey the finer nuances of language in written form
https://worldbuilding.stackexchange.com/questions/236835/terraforming-a-gas-giant-by-freezing-the-gas-and-liquid-and-removing-it-by-h,"Terraforming a Gas giant by freezing the ""gas"" and ""liquid"" and removing it by huge impacts",Terraforming a gas giant into an habitable planet
https://music.stackexchange.com/questions/125452/what-is-the-difference-between-a-double-fugue-and-a-fugue-with-multiple-counters,What is the difference between a double fugue and a fugue with multiple countersubjects?,A question about fugues
https://electronics.stackexchange.com/questions/638780/vhdl-rising-edge-on-1hz-gps-input,VHDL rising_edge on 1Hz GPS input,Problem in synthesizing
https://cs.stackexchange.com/questions/154722/is-the-sat-problem-an-existential-question,Is the SAT Problem an existential question?,Is MAX-SAT NP-hard?
https://literature.stackexchange.com/questions/23303/maupassant-jai-en-effet-pour-amie-mme-rosset-is-this-a-typo,"Maupassant, ""j'ai en effet pour amie Mme Rosset"", is this a typo?",What is the origin of this contradictory poem?
https://unix.stackexchange.com/questions/721364/searching-for-a-missing-number-in-a-sequence-of-numbers,Searching for a missing number in a sequence of numbers,Grepping for a block of text with parts that can be optional
https://latin.stackexchange.com/questions/19002/how-would-you-express-the-concept-of-reincarnation,How would you express the concept of reincarnation?,Tastes Like Chicken
https://pm.stackexchange.com/questions/34407/should-we-take-into-account-scope-changes-to-the-sprint-to-measure-the-team-effi,Should we take into account scope changes to the Sprint to measure the team efficiency?,How to encourage the commitment on a sprint for a team
https://ell.stackexchange.com/questions/325239/what-does-you-couldnt-stretch-a-leg-here-without-poking-a-poet-in-the-ass-me,"What does ""You couldn't stretch a leg here without poking a poet in the ass,"" mean?","What does ""without concession by"" mean?"
